<?xml version="1.0" encoding="UTF-8"?>
<project-private xmlns="http://www.netbeans.org/ns/project-private/1">
    <editor-bookmarks xmlns="http://www.netbeans.org/ns/editor-bookmarks/2" lastBookmarkId="0"/>
    <open-files xmlns="http://www.netbeans.org/ns/projectui-open-files/2">
        <group>
            <file>file:/home/ccslearner/NetBeansProjects/CCINFOMWebApplication/web/index.html</file>
            <file>file:/home/ccslearner/NetBeansProjects/CCINFOMWebApplication/web/record_rental.jsp</file>
            <file>file:/home/ccslearner/NetBeansProjects/CCINFOMWebApplication/src/java/assetmgt/assets.java</file>
            <file>file:/home/ccslearner/NetBeansProjects/CCINFOMWebApplication/src/java/assetmgt/asset_rentals.java</file>
            <file>file:/home/ccslearner/NetBeansProjects/CCINFOMWebApplication/web/update_rental.jsp</file>
            <file>file:/home/ccslearner/NetBeansProjects/CCINFOMWebApplication/web/record_rental_processing.jsp</file>
            <file>file:/home/ccslearner/NetBeansProjects/CCINFOMWebApplication/web/update_rental_processing.jsp</file>
        </group>
    </open-files>
</project-private>
